,0
0,Abandonada
1,Akin Ang Labang Ito
2,Anak
3,Ang Dalubhasa
4,Anghel Dela Guardia
5,Arayyy!
6,Baliktaran
7,Basta Tricycle Driver... Sweet Lover
8,Birthday Gift 2
9,Biyaheng Langit
10,Buhay Kamao
11,Burador (Ang Babaing Sugo)
12,Col. Elmer Jamias: Barako ng Maynila
13,"Daddy O, Baby O!"
14,Deathrow
15,'Di Ko Kayang Tanggapin
16,Eto Na Naman Ako
17,Ex-Con
18,Fidel Jimenez: Magkasubukan Tayo
19,Ika-13 Kapitulo
20,Ipinanganak na ang Taong Papatay Sa Iyo
21,Juan & Ted: Wanted
22,Kailangan Ko'y Ikaw
23,Kahit Isang Saglit
24,Laro Sa Baga
25,Madame X
26,Mana Mana-Tiba Tiba
27,Markova: Comfort Gay
28,Matalino Man ang Matsing Naiisahan Din!
29,Minsan Ko Lang Sasabihin
30,Minsan Minahal Kita
31,Most Wanted
32,Palaban
33,Pasasabugin Ko ang Mundo Mo
34,Patigasan
35,"Pedro Penduko, Episode II: The Return of the Comeback"
36,Pedrong Palad
37,Pera o bayong (Not da TV)!
38,Ping Lacson: Super Cop
39,Sagot Kita: Mula Ulo Hanggang Paa
40,Saranggani
41,Spirit Warriors
42,Sugatang Puso
43,Sugo ng Tondo
44,Tanging Yaman
45,Tunay na Tunay: Gets Mo? Gets Ko!
46,Aagos ang dugo
47,Abakada... Ina
48,Alas Dose
49,Bagong Buwan
50,Bakit Di Totohanin
51,Balahibong Pusa
52,Bahay ni Lola
53,Banyo Queen
54,Basagan ng Mukha
55,Booba
56,"Bukas, Babaha ng Dugo"
57,Cool Dudes 24/7
58,Di Kita Ma-Reach
59,Dos Ekis
60,"Dugong Aso: Mabuting Kaibigan, Masamang Kaaway"
61,Hostage
62,Hubog
63,Huwag kang kikibo
64,Kaaway Hanggang Hukay
65,Kapag Buhay Ang Inutang... Buhay Din Ang Kabayaran
66,La Vida Rosa
67,Mananabas
68,Mano Mano 2: Ubusan ng Lakas
69,Mila
70,Narinig Mo Na Ba Ang L8est?
71,Oops... Teka Lang... Diskarte Ko To
72,Pagdating ng Panahon
73,Pangako Ikaw Lang
74,Parehas ang Laban
75,Radyo
76,Red Diaries
77,Sanggano't Sanggago
78,Susmaryosep: 4 Fathers
79,Tabi Tabi Po
80,Tatarin
81,Yamashita: The Tiger's Treasure
82,9 Mornings
83,Agimat: Ang Anting-Anting ni Lolo
84,Ang Alamat ng Lawin
85,American Adobo
86,Bahid
87,Batas ng Lansangan
88,Dekada '70
89,Diskarte
90,D' Uragons
91,Forevermore
92,Gamitan
93,Got 2 Believe
94,Hula Mo...Huli Ko
95,Home Along da Riber
96,I Think I'm in Love
97,"Jeannie, Bakit Ngayon Ka Lang?"
98,Jologs
99,Kailangan Kita
100,Kung Ikaw Ay Isang Panaginip
101,Laman
102,Lapu-Lapu
103,Mahal kita: Final Answer!
104,Mano Po
105,Magkapatid
106,Masarap na Pugad
107,Mga Batang Lansangan
108,Mga Munting Tinig
109,Pistolero
110,Singsing Ni Lola
111,Spirit Warriors: The Shortcut
112,S2pid Love
113,Super B
114,Tampisaw
115,Videoke King
116,Walang Iwanan... Peksman
117,A.B. Normal College (Todo na 'Yan! Kulang Pa 'Yun!)
118,Ang Huling Birhen sa Lupa
119,Gagamboy
120,Ang Tanging Ina
121,Bayaran
122,Bugbog Sarado
123,Captain Barbell
124,Chavit
125,Cory Quirino Kidnap: The NBI Files
126,Crying Ladies
127,Duda/Doubt
128,Fantastic Man
129,Filipinas
130,Homecoming
131,Keka
132,Kung Ako Na Lang Sana
133,Lastikman
134,Magnifico
135,Malikmata
136,Mano Po II: My Home
137,Matamis Hanggang Dulo
138,"Minsan, Minahal Kita"
139,Mr. Suave
140,My First Romance
141,Ngayong Nandito Ka
142,Noon At Ngayon: Pagsasamang Kay Ganda
143,Onse
144,Operation Balikatan
145,Pakners
146,Pinay Pie
147,Sanib
148,Sukdulan
149,Till There Was You
150,Virgin People III
151,You and Me Against the World
152,Aishite Imasu 1941: Mahal Kita
153,All My Life
154,Anak Ka ng Tatay Mo
155,Animal
156,Astigmasim
157,Babae sa Breakwater
158,Bcuz of U
159,Beautiful Life
160,Bridal Shower
161,"Enteng Kabisote: Okay ka, Fairy Ko: The Legend"
162,Feng Shui
163,Gagamboy
164,Kulimlim
165,Lastikman: Unang Banat
166,Mano Po III: My Love
167,Masikip sa Dibdib
168,Milan
169,Minsan Pa
170,My First Romance
171,Naglalayag
172,Now That I Have You
173,Otso Otso Pamela-mela Wan
174,Panaghoy sa Suba
175,Sabel
176,Santa Santita
177,Sigaw
178,So Happy Together
179,Spirit of the Glass
180,Volta
181,"Ako, Legal Wife: Mano Po 4?!"
182,Ang Pagdadalaga ni Maximo Oliveros
183,Bahay ni Lola 2
184,Bathhouse
185,Birhen ng Manaoag
186,Can This Be Love
187,Chavit
188,D' Anothers
189,Dream Boy
190,Dubai
191,Enteng Kabisote 2: Okay Ka Fairy Ko: The Legend Continues
192,Exodus: Tales from the Enchanted Kingdom
193,Hari ng Sablay
194,Kutob
195,La Visa Loca
196,Let the Love Begin
197,Lisensyadong Kamao
198,Love Struck
199,Mano Po 4: Ako Legal Wife
200,Masahista
201,"Matthew, Mark, Luke and John"
202,Mga Pusang Gala
203,Mulawin: The Movie
204,Nasaan Ka Man
205,Noon at Ngayon
206,Pasiyam
207,"Shake, Rattle and Roll 2k5"
208,Terrorist Hunter
209,Uno
210,All About Love
211,Ang Pamana
212,Barcelona
213,Baryoke
214,Binibining K
215,Blue Moon
216,Close to You
217,Don't Give Up on Us
218,D' Lucky Ones
219,"Enteng Kabisote 3 : Okay ka, Fairy Ko: The Legend Goes On and On and On"
220,Eternity
221,First Day High
222,Heremias
223,Kasal Kasali Kasalo
224,I Think I'm in Love
225,I Wanna Be Happy
226,I Will Always Love You
227,Kapag Tumibok ang Puso
228,"Kasal, Kasali, Kasalo"
229,Manay Po
230,Mano Po 5: Gua Ai Di
231,Matakot Ka sa Karma
232,Mga Batang Bangketa
233,Moments of Love
234,Mourning Girls
235,Pacquiao: The Movie
236,Pamahiin
237,Oh My Ghost!
238,"Shake, Rattle & Roll 8"
239,Sukob
240,Super Noypi
241,Tatlong Baraha
242,Till I Met You
243,Tulad Ng Dati
244,Txt
245,Wag Kang Lilingon
246,White Lady
247,You Are the One
248,ZsaZsa Zaturnnah Ze Moveeh
249,Agent X44
250,Ala suerte ala muerte
251,Altar
252,Ang Cute Ng Ina Mo
253,Angels
254,"Apat Dapat, Dapat Apat"
255,Ataul For Rent
256,Autohystoria
257,"Ay, Ayeng"
258,A Love Story
259,Anak ng Kumander
260,Bahay Kubo
261,Banal
262,Barang
263,Batanes: Sa Dulo Ng Walang Hanggan
264,Desperadas
265,"Enteng Kabisote 4: Okay Ka, Fairy Ko: The Beginning of the Legend"
266,Faces of Love
267,Happy Hearts
268,Hide and Seek
269,I've Fallen For You
270,Jupit
271,Summer Heat
272,Katas ng Saudi
273,Kubrador
274,Ligalig
275,Mano Po 5
276,Moreno
277,My Kuya's Wedding
278,Nasaan Ka Ng Kailangan Kita
279,One More Chance
280,Ouija
281,Paano Kita Iibigin
282,Pasukob
283,The Promise
284,Resiklo
285,Saan Nagtatago si Happiness
286,"Sakal, Sakali, Saklolo"
287,Selda
288,"Shake, Rattle & Roll 9"
289,Silip
290,Super Noypi
291,Tiyanaks
292,Tribu
293,You Got Me
294,100
295,Ang Tanging Ina Nyong Lahat
296,A Very Special Love
297,Baler
298,Caregiver
299,Dayo: Sa Mundo ng Elementalia
300,Desperadas 2
301,For the First Time
302,Iskul Bukol 20 Years After (Ungasis and Escaleras Adventure)
303,Jay
304,Kurap
305,Magkaibigan
306,Manay Po 2
307,My Best Friend's Girlfriend
308,My Big Love
309,My Monster Mom
310,My Only Ü
311,One Night Only
312,One True Love
313,Ploning
314,"Shake, Rattle & Roll X"
315,Supahpapalicious
316,When Love Begins
317,Agaton & Mindy
318,Ang Darling Kong Aswang
319,Ang Panday
320,And I Love You So
321,Aurora
322,Bente
323,BFF: Best Friends Forever
324,Booking
325,Butas
326,Big Night
327,Ded Na Si Lolo
328,Hilot
329,Independencia
330,"I Love You, Goodbye"
331,In My Life
332,Isang Araw Lang
333,Isang Lahi
334,Kamoteng Kahoy
335,KimmyDora
336,Kinatay
337,Litsonero
338,Love Me Again
339,Love on Line
340,Manila
341,Mano Po 6: A Mother's Love
342,"Nobody, Nobody But... Juan"
343,Nandito Ako Nagmamahal Sa'Yo
344,"OMG (Oh, My Girl!)"
345,Padre de Pamilya
346,Padyak
347,Pakpak
348,Pasang Krus
349,Patient X
350,Pitik Bulag
351,Roommate From Hell
352,"Shake, Rattle & Roll XI"
353,"Si Baning, si Maymay at ang asong si Bobo"
354,Status: Single
355,Sumpa
356,Sundo
357,T2
358,Tawag
359,Villa Estrella
360,Wanted: Border
361,Wapakman
362,When I Met U
363,Yaya and Angelina: The Spoiled Brat Movie
364,You Changed My Life
365,666
366,Ang Tanging Ina Mo (Last na 'To!)
367,Antipo
368,"Babe, I Love You"
369,Cinco
370,Dalaw
371,Father Jejemon
372,Hating Kapatid
373,Here Comes the Bride
374,I Do (2010 film)
375,I'll Be There
376,In Your Eyes
377,Mamarazzi
378,My Amnesia Girl
379,Miss You Like Crazy
380,Noy
381,Paano Na Kaya
382,Petrang Kabayo
383,Rosario (2010 film)
384,RPG: Metanoia
385,Sa 'Yo Lamang
386,"Shake, Rattle & Roll XII"
387,Si Agimat at si Enteng Kabisote
388,Till My Heartaches End
389,White House
390,Working Girls
391,You to Me Are Everything
392,The Adventures of Pureza: Queen of the Riles
393,Amigo
394,Ang Babae Sa Septic Tank
395,Ang Panday 2
396,Bulong
397,Catch Me... I'm in Love
398,Enteng ng Ina Mo!
399,Forever and a Day
400,Ikaw Ang Pag-ibig
401,In the Name of Love
402,"Ligo na Ü, Lapit na Me"
403,Manila Kingpin: The Asiong Salonga Story
404,My Househusband (Ikaw Na!)
405,My Neighbor's Wife
406,My Valentine Girls
407,No Other Woman
408,Pak! Pak! My Dr. Kwak!
409,The Unkabogable Praybeyt Benjamin
410,Rakenrol
411,The Road
412,Ang Sayaw ng Dalawang Kaliwang Paa
413,Segunda Mano
414,"Shake, Rattle & Roll 13"
415,Temptation Island
416,Thelma
417,Third World Happy
418,Tum: My Pledge of Love
419,Tween Academy: Class of 2012
420,Tumbok
421,Way Back Home
422,"Wedding Tayo, Wedding Hindi"
423,Who's That Girl
424,Won't Last A Day Without You
425,"Yesterday, Today, Tomorrow"
426,Zombadings 1: Patayin sa Shokot si Remington
427,A Mother's Story
428,My Cactus Heart
429,Pintakasi
430,ÜnOfficially Yours
431,Hitman
432,Corazon: Ang Unang Aswang
433,My Kontrabida Girl
434,The Witness
435,Moron 5 and the Crying Lady
436,Busong
437,The Mommy Returns
438,Every Breath U Take
439,Born To Love You
440,Boy Pick-Up: The Movie
441,Kimmy Dora and The Temple of Kiyeme
442,The Healing
443,Posas
444,Just One Summer
445,The Reunion
446,Mga Mumunting Lihim
447,Guni-Guni
448,Amorosa
449,I Do Bidoo Bidoo: Heto nAPO Sila!
450,Captive
451,Bwakaw
452,Ang Nawawala
453,The Mistress
454,Graceland
455,Pridyider
456,Biktima
457,Of All the Things
458,Santa Niña
459,Give Up Tomorrow
460,This Guy's in Love with U Mare!
461,Tiktik: The Aswang Chronicles
462,A Secret Affair
463,Suddenly It's Magic
464,Six Degrees of Separation from Lilia Cuntapay
465,"Madaling Araw, Mahabang Gabi"
466,24/7 in Love
467,Rigodon
468,D' Kilabots Pogi Brothers Weh?!
469,Supremo
470,Boundary
471,Flames of Love
472,MNL 143
473,"Si Agimat, Si Enteng, at Si Ako"
474,El Presidente
475,One More Try
476,"Shake, Rattle & Roll 14"
477,Sisterakas
478,Sosy Problems
479,The Strangers
480,Thy Womb
481,Menor de Edad
482,Seduction
483,"I Love You, Pare Ko1"
484,Gabriel (Ito ang Kuwento Ko)1
485,A Moment in Time
486,Gapang1
487,Alfredo S. Lim: The Untold Story
488,The Fighting Chefs
489,Pagari (Mohammad-Abdulahh)1
490,It Takes a Man and a Woman
491,Bad Romance1
492,Coming Soon
493,Bayang Magiliw1
494,The Bride and the Lover
495,Leona Calderon1
496,Bromance: My Brother's Romance1
497,Juana C. the Movie
498,Dance of the Steel Bars
499,Bangungot1
500,Kapit sa Patalim1
501,Four Sisters and a Wedding
502,My Lady Boss
503,Tuhog1
504,Boy Kabayo1
505,Daniel Rapido1
506,Ekstra: The Bit Player1
507,Amor y Muerte1
508,Sana Dati1
509,Porno1
510,Liars1
511,Babagwa1
512,David F.1
513,Debosyon1
514,Instant Mommy1
515,Nuwebe1
516,Purok 71
517,Quick Change1
518,Rekorder1
519,The Diplomat Hotel1
520,Transit1
521,Bakit Hindi Ka Crush Ng Crush Mo?
522,Raketeros
523,Ang Mundo sa Panahon ng Bakal1
524,Ang Huling Henya
525,On the Job
526,Talamak
527,"Sonata1, 3"
528,"Lihis1, 3"
529,"Lauriana1, 3"
530,"Ano ang Kulay ng mga Nakalimutang Pangarap?1, 3"
531,"Bamboo Flowers1, 3"
532,"Tag-araw ni Twinkle1, 3"
533,"Otso1, 3"
534,"Badil1, 3"
535,"Tinik1, 3"
536,"Bahay ng Lagim1, 3"
537,Momzillas
538,Ang Kwento Ni Mabuti1
539,Huling Chacha ni Anita1
540,Ang Pabo Man ay Turkey Rin1
541,Puti1
542,Mga Alaala ng Tag-ulan1
543,Bingoleras1
544,The Guerrilla is a Poet1
545,The Muses1
546,Kung Fu Divas
547,Gaydar1
548,"Hello, World1"
549,Lucas Nino1
550,Metro Manila
551,She's the One
552,Bekikang
553,Status: It's Complicated
554,Sapi
555,Kabisera1
556,Woman of the Ruins1
557,Philippino Story1
558,Shift1
559,Alamat ni China Doll1
560,Saturday Night Chills1
561,Bendor1
562,Angustia1
563,Islands1
564,Bukas na Lang Sapagkat Gabi Na1
565,Riddles of My Homecoming1
566,Blue Bustamante1
567,Iskalawags1
568,Pagbabalat ng Ahas1
569,Sitio1
570,When the Love Is Gone
571,Call Center Girl
572,Morgue
573,Ang Misis ni Meyor
574,Ang Maestra1
575,Dukit1
576,Saka-Saka1
577,Island Dreams1
578,Mga Anino ng Kahapon1
579,How to Disappear Completely1
580,Boogie1
581,"Girl, Boy, Bakla, Tomboy"
582,My Little Bossings
583,Kimmy Dora: Ang Kiyemeng Prequel
584,Pagpag: Siyam na Buhay
585,"10,000 Hours"
586,Pedro Calungsod: Batang Martir
587,"Boy Golden: Shoot to Kill, the Arturo Porcuna Story"
588,Kaleidoscope World
589,Bride for Rent
590,Mumbai Love
591,Luhod sa Harapan
592,"Sa Ngalan ng Ama, Ina, at mga Anak"
593,Starting Over Again
594,Basement
595,ABNKKBSNPLAko: The Movie
596,Third Eye
597,Cattleya: An OFW Story
598,Unfriend
599,Tatlong Beses Isang Araw: 3 Times A Day
600,Kabaro
601,Pikyaw
602,"Norte, the End of History *(2014 commercial release) (limited release)"
603,Kamandag ni Venus
604,Flying Kiss
605,Mana
606,Diary ng Panget
607,Echoserang Frog
608,Bang Bang Alley
609,DotA: Nakakabaliw
610,Da Possessed
611,So It's You
612,Full Moon
613,Maybe This Time
614,My Illegal Wife
615,Ang Bagong Dugo
616,Last Trip to Paradise
617,Overtime
618,Mula sa Kung Ano ang Noon
619,Kamkam
620,She's Dating the Gangster
621,Magtiwala Ka: A Super Typhoon Yolanda Story
622,Island Dreams *(2014 commercial release)
623,Trophy Wife
624,Asintado
625,Hari ng Tondo
626,Hustisya
627,The Janitor
628,Kasal
629,#Y
630,1st ko si 3rd 2
631,Bwaya
632,Children's Show
633,Dagitab
634,"K’na, The Dreamweaver"
635,Mariquina
636,Ronda
637,Separados
638,Sundalong Kanin
639,Once a Princess
640,Edna
641,Barber's Tales
642,Talk Back and You're Dead
643,Somebody to Love
644,The Gifted
645,"Norte, the End of History*(2014 commercial release) (wide release)"
646,Maria Leonora Teresa
647,Dementia
648,Walang Rape sa Bontok
649,Mananayaw
650,Gitaristang Hindi Marunong Mag-skala
651,Ang Walang Kapagurang Paglalakbay ng Pulang Maleta
652,Gusto Nang Umuwi Ni Joy
653,Agbalbalitok
654,A Trip to Haifa
655,Kung Giunsa Pagbuhat ang Bisayang Chopsuey
656,"Migkahi E Si Amey Te, ‘Uli Ki Pad"
657,Marciano
658,Komikero Chronicles
659,
660,
661,
662,
663,Ibong Adarna: The Pinoy Adventure
664,*Hari ng Tondo (commercial release)
665,Tumbang Preso
666,*The Janitor (commercial release)
667,The Trial
668,Dilim
669,Beauty in a Bottle
670,Bacao
671,Hukluban
672,Sigaw sa Hatinggabi
673,T'yanak
674,Moron 5.2: The Transformation
675,Alienasyon
676,Cemetery Life
677,Nick & Chai
678,Tigbao
679,Tres
680,Bitukang Manok
681,Esprit de Corps
682,Hindi Sila Tatanda
683,The Housekeepers
684,Lorna
685,Red
686,Seoul Mates
687,Soap Opera
688,That Thing Called Tadhana
689,Violator
690,"Relaks, It's Just Pag-ibig"
691,*1st Ko si 3rd (commercial release)
692,Past Tense
693,*#Y (commercial release)
694,Gemini
695,Magkakabaung
696,M: Mother's Maiden Name
697,Maratabat
698,Mulat
699,Gangster Lolo
700,Bonifacio: Ang Unang Pangulo
701,"English Only, Please"
702,Feng Shui 2
703,Kubot: The Aswang Chronicles 2
704,Magnum Muslim.357
705,My Big Bossing
706,The Amazing Praybeyt Benjamin
707,"Shake, Rattle & Roll XV"
708,Tragic Theater
709,Edsa Woolworth *(2015 commercial release)
710,#EwanKoSau Saranghaeyo
711,Halik sa Hangin
712,That Thing Called Tadhana *(2015 commercial release)
713,Liwanag sa Dilim
714,Bahay Ampunan
715,Crazy Beautiful You
716,RedBook
717,Balut Country
718,Bambanti
719,Imbisibol
720,Ninja Party
721,Swap
722,You're My Boss
723,Kid Kulafu
724,Your Place or Mine?
725,Alimuom ng Kahapon
726,Para sa Hopeless Romantic
727,Binhi: The Seed
728,You're Still the One
729,Espesyal Kopol
730,Stars Versus Me
731,Just the Way You Are
732,Waves
733,An Kubo sa Kawayanan
734,Sino nga ba si Pangkoy Ong?
735,I Love You. Thank You.
736,Maskara
737,Piring
738,Ang Kwento Nating Dalawa
739,Filemon Mamon
740,Of Sinners and Saints
741,The Breakup Playlist
742,Chain Mail
743,Mandirigma
744,The Love Affair
745,Mula sa Kung Ano ang Noon *(2015 commercial release)
746,Homeless
747,Ex with Benefits
748,Heneral Luna
749,Walang Take Two
750,Silong
751,Taklub
752,The PBA: A Nation’s Passion
753,Resureksyon
754,Etiquette for Mistresses
755,Felix Manalo
756,The Prenup
757,Apocalypse Child
758,Gayuma
759,Iisa
760,Kapatiran
761,Matangtubig
762,Patintero: Ang Alamat ni Meng Patalo
763,Sleepless
764,Water Lemon
765,Everyday I Love You
766,Flotsam
767,Old Skool
768,Baka Siguro Yata
769,Bukod Kang Pinagpala
770,The Comeback
771,Dahling Nick
772,Dayung Asu
773,Hamog
774,Manang Biring
775,Miss Bulalacao
776,Mga Rebeldeng Walang Kaso
777,Maria Labo
778,No Boyfriend Since Birth
779,Wang Fam
780,A Second Chance
781,Child Haus
782,Isang Hakbang
783,Angela Markado
784,"One Day, Isang Araw, I Saw Nakakita"
785,Manila's Finest
786,ARI: My Life with a King
787,Mandirigma
788,Tandem
789,Toto
790,Turo-Turo
791,All You Need Is Pag-Ibig
792,Beauty and the Bestie
793,"Buy Now, Die Later"
794,Haunted Mansion
795,Honor Thy Father
796,My Bebe Love: #KiligPaMore
797,Nilalang
798,#Walang Forever
799,Lumayo Ka Nga Sa Akin
800,Everything About Her
801,#Lakbay2Love
802,Girlfriend for Hire
803,Love is Blind
804,Butanding
805,Tupang Ligaw
806,Laut
807,Beyond The Door
808,Padre de Familia
809,Pisara
810,Ang Sugarol
811,Partee
812,Always Be My Maybe
813,Atras
814,Ligaw
815,Sekyu
816,Iadya Mo Kami
817,1st Sem
818,A Lotto Like Love
819,Ang Taba Ko Kasi
820,Ang Tulay ng San Sebastian
821,Buhay Habangbuhay
822,Ned's Project
823,Sakaling Hindi Makarating
824,Star na si Van Damme Stallone
825,Straight to the Heart
826,Hele Sa Hiwagang Hapis
827,Whistleblower
828,Elemento
829,Echorsis
830,Dyamper
831,Expressway
832,Lila
833,Mrs.
834,In Saecula Saeculorum
835,Just the 3 of Us
836,This Time
837,Diyos-Diyosan
838,My Candidate
839,Love Me Tomorrow
840,Teniente Gimo
841,Tatay Kong Sexy
842,Pare Mahal Mo Raw Ako
843,Magtanggol
844,The Story of Love
845,The Achy Breaky Hearts
846,"Curiosity, Adventure & Love"
847,I Love You to Death
848,Ma' Rosa
849,Imagine You and Me
850,Dukot
851,Free Range
852,Kakampi
853,Paglipay
854,Pauwi Na
855,Pilapil
856,Pitong Kabang Palay
857,Anino sa Likod ng Buwan*(2016 commercial release)
858,Ignacio de Loyola
859,How to Be Yours
860,Ang Bagong Pamilya Ni Ponching
861,Dagsin
862,Hiblang Abo
863,I America
864,Kusina
865,Lando at Bugoy
866,Mercury Is Mine
867,Pamilya Ordinaryo
868,Tuos
869,That Thing Called Tanga Na
870,Camp Sawi
871,Barcelona: A Love Untold
872,Hermano Puli (Ang Hapis at Himagsik ni Apolinario Dela Cruz)
873,My Rebound Girl
874,Ang Babaeng Humayo
875,Siphayo
876,The Third Party
877,Ang Manananggal sa Unit 23B
878,Baboy Halas
879,Best. Partee. Ever.
880,Hinulid
881,Patay na si Hesus
882,Purgatoryo
883,Women of the Weeping River
884,Bakit Lahat ng Gwapo may Boyfriend?
885,The Escort
886,2 Cool 2 Be 4gotten
887,Baka Bukas
888,Every Room is a Planet
889,Forbidden Memory
890,Lily
891,Malinak Ya Labi
892,People Power Bombshell: The Diary of Vietnam Rose
893,Piding
894,Si Magdalola at ang mga Gago
895,Tisay
896,Area
897,Upline Downline
898,The Unmarried Wife
899,Working Beks
900,The Super Parental Guardians
901,Enteng Kabisote 10 and the Abangers
902,Mano Po 7: Tsinoy
903,Ang Babae sa Septic Tank 2: #ForeverIsNotEnough
904,Die Beautiful
905,Kabisera
906,Oro
907,Saving Sally
908,Seklusyon
909,Sunday Beauty Queen
910,Vince & Kath & James
911,Mang Kepweng Returns
912,Extra Service
913,Darkroom
914,Ilawod
915,Foolish Love
916,Across the Crescent Moon
917,Sakaling Hindi Makarating *(2017 commercial release)
918,Swipe
919,Moonlight Over Baler
920,"I'm Drunk, I Love You"
921,My Ex and Whys
922,Tatlong Bibe
923,Baka Bukas*(2017 commercial release)
924,Pwera Usog
925,Kristo
926,Beyond the Block
927,Ladyfish
928,Bhoy Intsik
929,Tu Pug Imatuy (The Right To Kill)
930,2 Cool 2 Be 4gotten*(2017 commercial release)
931,Higanti
932,Northern Lights: A Journey to Love
933,Hiwaga: Ang Paglalakbay sa Liwanag ng Buhay
934,Can't Help Falling in Love
935,1st Sem *(2017 commercial release)
936,Luck at First Sight
937,Bliss
938,Our Mighty Yaya
939,Dear Other Self
940,Ang Araw sa Likod Mo
941,Can We Still Be Friends?
942,Ang Pagsanib kay Leah Dela Cruz
943,Bloody Crayons
944,Baklad
945,High Tide
946,Instalado
947,Kamunggai
948,Sinandomeng
949,What Home Feels Like
950,Kita Kita
951,Finally Found Someone
952,Baconaua
953,Bagahe
954,Ang Guro Kong 'Di Marunong Magbasa
955,Kiko Boksingero
956,Nabubulok
957,Ang Pamilyang Hindi Lumuluha
958,Requited
959,Respeto
960,Sa Gabing Nanahimik ang mga Kuliglig
961,Double Barrel
962,100 Tula Para Kay Stella
963,AWOL
964,Bar Boys
965,Birdshot *(2017 commercial release)
966,Hamog *(2017 commercial release)
967,Ang Manananggal sa Unit 23B*(2017 commercial release)
968,Paglipay *(2017 commercial release)
969,Patay na si Hesus*(2017 commercial release)
970,Pauwi Na*(2017 commercial release)
971,Salvage *(2017 commercial release)
972,Star na si Van Damme Stallone *(2017 commercial release)
973,Triptiko
974,Woke Up Like This
975,Love You to the Stars and Back
976,FanGirl FanBoy
977,DAD: Durugin ang Droga
978,Loving in Tandem
979,I Found My Heart in Santa Fe
980,Amalanhig: The Vampire Chronicle
981,Last Night
982,You with Me
983,The Debutantes
984,New Generation Heroes
985,Balatkayo
986,Seven Sundays
987,Riding in Tandem
988,Bes and the Beshies
989,Si Tokhang at ang Tropang Buang
990,Balangiga: Howling Wilderness
991,The Chanters
992,Dapol Tan Payawar na Tayug 1931
993,Dormitoryo
994,Kulay Lila ang Gabi na Binudburan pa ng mga Bituin
995,Medusae
996,Neomanila
997,The Write Moment
998,The Barker
999,The Ghost Bride
1000,Spirit of the Glass 2: The Haunted
1001,#12
1002,This Time I’ll Be Sweeter
1003,Guerrero
1004,"Bundok Banahaw, Sacred and Profane"
1005,Changing Partners
1006,Si Chedeng at si Apple
1007,Haunted: A Last Visit to the Red House
1008,Historiographika Errata
1009,Nay
1010,Nervous Translation
1011,Paki
1012,Throwback Today
1013,Fallback
1014,Trip Ubusan: The Lolas vs. Zombies
1015,"Barbi, D' Wonder Beki"
1016,Unexpectedly Yours
1017,Kamandag ng Droga
1018,Smaller and Smaller Circles
1019,All of You
1020,Deadma Walking
1021,Gandarrapiddo: The Revenger Squad
1022,Haunted Forest
1023,Ang Larawan
1024,Meant to Beh
1025,Ang Panday
1026,Siargao
1027,Mama's Girl
1028,Ang Dalawang Mrs. Reyes
1029,Fallen Not Forgotten
1030,Mr. & Mrs. Cruz
1031,Changing Partners *(2018 commercial release)
1032,Meet Me in St. Gallen
1033,My Fairy Tail Love Story
1034,Sin Island
1035,The Significant Other
1036,Amnesia Love
1037,Magbuwag ta Kay... *(2018 commercial re-release)
1038,Ang Pambansang Third Wheel
1039,Abomination *(2018 commercial release)
1040,Bomba *(2018 commercial release)
1041,El Peste
1042,Melodrama/Random/Melbourne!
1043,Tale of the Lost Boys *(2018 commercial release)
1044,My Perfect You
1045,Simplicity
1046,Never Not Love You
1047,Almost a Love Story
1048,DOTGA: Da One That Ghost Away
1049,Throwback Today *(2018 commercial release)
1050,Single/Single: Love Is Not Enough
1051,My 2 Mommies
1052,Squad Goals: #FBois
1053,Delia and Sammy
1054,The Eternity Between Seconds
1055,Excuse Me Po
1056,Gusto Kita with All My Hypothalamus
1057,Hitboy
1058,Mata Tapang
1059,Mga Mister ni Rosario
1060,Poon
1061,Kasal
1062,Citizen Jake
1063,So Connected
1064,Ang Misyon: A Marawi Siege Story
1065,Ang Panahon ng Halimaw
1066,Sid & Aya: Not a Love Story
1067,Cry No Fear
1068,The Write Moment *(2018 commercial release)
1069,Walwal
1070,The Maid in London
1071,"I Love You, Hater"
1072,Jacqueline Comes Home (The Chiong Story)
1073,Kusina Kings
1074,BuyBust
1075,Harry & Patty
1076,Distance
1077,Kung Paano Hinihintay ang Dapithapon
1078,Kuya Wes
1079,Liway
1080,The Lookout
1081,Mamang
1082,ML
1083,Musmos na Sumibol sa Gubat ng Digma
1084,Pan de Salawal
1085,School Service
1086,Dito Lang Ako
1087,Ang Babaeng Allergic sa Wifi
1088,Bakwit Boys
1089,The Day After Valentine's
1090,Madilim ang Gabi *(2018 commercial release)
1091,Pinay Beauty
1092,Signal Rock
1093,Unli Life
1094,We Will Not Die Tonight
1095,The Lease
1096,Miss Granny
1097,The Hows of Us
1098,Goyo: Ang Batang Heneral
1099,Petmalu
1100,The Hopeless Romantic
1101,Wander Bra
1102,1957
1103,Alimuom
1104,Mga Anak ng Kamote
1105,Kauyagan (Way of Life)
1106,Sol Searching
1107,Tanabata’s Wife
1108,Abay Babes
1109,Nakalimutan Ko Nang Kalimutan Ka
1110,Hapi Ang Buhay: The Musical
1111,Exes Baggage
1112,The Trigonal
1113,Para sa Broken Hearted
1114,Tres
1115,Wild and Free
1116,Asuang
1117,Bagyong Bheverlynn
1118,Double Twisting Double Back
1119,Hospicio
1120,Mamu; and A Mother Too
1121,Never Tear Us Apart
1122,Paglisan
1123,Pang MMK
1124,A Short History of a Few Bad Things
1125,First Love
1126,All Grown Up
1127,Billie & Emma
1128,Dog Days
1129,Hintayan ng Langit
1130,Masla a Papanok
1131,Come on Irene
1132,Oda sa Wala
1133,Pag-ukit sa Paniniwala
1134,To Love Some Buddy
1135,All Souls Night
1136,Class of 2018
1137,Kung Paano Siya Nawala
1138,Through Night and Day
1139,Glorious
1140,Ma
1141,Aria
1142,Recipe for Love
1143,Ang Pangarap Kong Holdap
1144,Three Words to Forever
1145,Kahit Ayaw Mo Na
1146,Everybody Loves Baby Wendy
1147,Aurora
1148,"Fantastica: The Princesses, The Prince and The Perya"
1149,The Girl in the Orange Dress
1150,Jack Em Popoy: The Puliscredibles
1151,"Mary, Marry Me"
1152,One Great Love
1153,Otlum
1154,Rainbow's Sunset
1155,Boy Tokwa: Lodi ng Gwapo
1156,The Gift
1157,S.P.A.R.K.
1158,Sakaling Maging Tayo
1159,Born Beautiful
1160,Allergy in Love
1161,Bato: The Gen. Ronald dela Rosa Story
1162,'Tol
1163,Ang Sikreto ng Piso
1164,Elise
1165,Hanggang Kailan?
1166,Alone/Together
1167,Apple of My Eye
1168,Time & Again
1169,Exit Point
1170,Familia Blondina
1171,Second Coming
1172,Ulan
1173,Neomanila
1174,Papa Pogi
1175,Pansamantagal
1176,Eerie
1177,Maria
1178,Mystified
1179,Akin ang Korona
1180,Jesusa
1181,Jino To Mari
1182,Pailalim
1183,Persons of Interest
1184,Last Fool Show
1185,Stranded
1186,12 Days to Destiny
1187,Maledicto
1188,S.O.N.S. (Sons of Nanay Sabel)
1189,Tayo sa Huling Buwan ng Taon
1190,Man & Wife
1191,Between Maybes
1192,Kuwaresma
1193,The Last Interview: The Mayor Antonio Halili Story
1194,Quezon's Game
1195,Finding You
1196,Banal
1197,Sunshine Family
1198,OFW: The Movie
1199,Clarita
1200,Feelenial: Feeling Millennial
1201,Because I Love You
1202,Kontradiksyon
1203,MOMOL Nights
1204,My Letters to Happy
1205,Family History
1206,"Hello, Love, Goodbye"
1207,ANi (The Harvest)
1208,Belle Douleur (A Beautiful Pain)
1209,Children Of The River (Annak Ti Karayan)
1210,Edward
1211,F#*@BOIS
1212,Iska
1213,John Denver Trending
1214,Malamaya (The Color of Ash)
1215,Pandanggo sa Hukay
1216,Tabon
1217,Indak
1218,"And Ai, Thank You"
1219,Just a Stranger
1220,Mina-Anud
1221,Sarah Geronimo: This 15 Me
1222,Abandoned
1223,The Ghosting
1224,"Sanggano, Sanggago’t Sanggwapo"
1225,Lola Igna
1226,Circa
1227,Pagbalik
1228,LSS (Last Song Syndrome)
1229,The Panti Sisters
1230,Cuddle Weather
1231,G!
1232,I'm Ellenya L.
1233,Watch Me Kill
1234,Open
1235,Mga Mata sa Dilim
1236,Marineros: Men in the Middle of the Sea
1237,Jowable
1238,Kiko En Lala
1239,Ang Henerasyong Sumuko Sa Love
1240,Black Lipstick
1241,Isa Pa with Feelings
1242,Unforgettable
1243,You Have Arrived
1244,Hellcome Home
1245,Santigwar
1246,Cara X Jagger
1247,Nuuk
1248,Barbara Reimagined
1249,Sila-Sila
1250,O
1251,Tia Madre
1252,Tayo Muna Habang Hindi Pa Tayo
1253,Utopia
1254,Metamorphosis
1255,Lucid
1256,"Yours Truly, Shirley"
1257,The Annulment
1258,Two Love You
1259,Adan
1260,Damaso
1261,Silly Red Shoes
1262,The Heiress
1263,Unbreakable
1264,Wild Little Love
1265,King of Reality Shows
1266,Dead Kids
1267,Mañanita
1268,Love is Love
1269,My Bakit List
1270,Sunod
1271,Miracle in Cell No.7
1272,Mission Unstapabol: The Don Identity
1273,"The Mall, The Merrier"
1274,Mindanao
1275,3pol Trobol: Huli Ka Balbon
1276,Culion
1277,Write About Love
1278,
1279,
1280,Mia
1281,Nightshift
1282,D' Ninang
1283,A Thousand Cuts
1284,Block Z
1285,"On Vodka, Beers, and Regrets"
1286,James and Pat and Dave
1287,Untrue
1288,Watch List
1289,Sunday Night Fever
1290,Death of Nintendo
1291,Us Again
1292,Hindi Tayo Pwede
1293,Love Lockdown
1294,Malaya
1295,Elehiya sa Paglimot
1296,Love the Way U Lie
1297,"I, Will: The Doc Willie Ong Story"
1298,Hayop Ka!
1299,U-Turn
1300,Sitsit
1301,Good Times Bad
1302,My Lockdown Romance
1303,Alter Me
1304,He Who Is Without Sin
1305,Kintsugi
1306,The Highest Peak
1307,Midnight in a Perfect World
1308,"Boyette: Not a Girl, Yet"
1309,Finding Agnes
1310,Memoirs of a Teenage Rebel
1311,Four Sisters Before the Wedding
1312,Coming Home
1313,Fan Girl
1314,Isa Pang Bahaghari
1315,Magikland
1316,Mang Kepweng: Ang Lihim ng Bandanang Itim
1317,Pakboys Takusa
1318,Suarez: The Healing Priest
1319,Tagpuan
1320,The Boy Foretold by the Stars
1321,The Missing
